Sitename,Cellname,Lat,Lon,Height,Antenna Type
4G-CLA997M-DTP,4G-CLA997M11-DTP,10.54552443,105.7744818,40,Antenna ROS
4G-CLA997M-DTP,4G-CLA997M12-DTP,10.54552443,105.7744818,40,Antenna ROS
4G-CLA997M-DTP,4G-CLA997M13-DTP,10.54552443,105.7744818,40,Antenna ROS
4G-CLA998M-DTP,4G-CLA998M11-DTP,10.48656544,105.8499584,35,Antenna ROS
4G-CLA998M-DTP,4G-CLA998M12-DTP,10.48656544,105.8499584,35,Antenna ROS
4G-CLA998M-DTP,4G-CLA998M13-DTP,10.48656544,105.8499584,35,Antenna ROS
4G-CLA999M-DTP,4G-CLA999M11-DTP,10.462274,105.63408,50,Antenna ROS
4G-CLA999M-DTP,4G-CLA999M12-DTP,10.462274,105.63408,50,Antenna ROS
4G-CLA999M-DTP,4G-CLA999M13-DTP,10.462274,105.63408,50,Antenna ROS
